pokedex_number,generation,type1,type2,hp,sp_attack,attack,defense,sp_defense,speed,height_m,weight_kg,name
1,1,grass,poison,45,65,49,49,65,45,0.7,6.9,Bulbasaur
2,1,grass,poison,60,80,62,63,80,60,1,13,Ivysaur
3,1,grass,poison,80,122,100,123,120,80,2,100,Venusaur
4,1,fire,,39,60,52,43,50,65,0.6,8.5,Charmander
5,1,fire,,58,80,64,58,65,80,1.1,19,Charmeleon
6,1,fire,flying,78,159,104,78,115,100,1.7,90.5,Charizard
7,1,water,,44,50,48,65,64,43,0.5,9,Squirtle
8,1,water,,59,65,63,80,80,58,1,22.5,Wartortle
9,1,water,,79,135,103,120,115,78,1.6,85.5,Blastoise
10,1,bug,,45,20,30,35,20,45,0.3,2.9,Caterpie
11,1,bug,,50,25,20,55,25,30,0.7,9.9,Metapod
12,1,bug,flying,60,90,45,50,80,70,1.1,32,Butterfree
13,1,bug,poison,40,20,35,30,20,50,0.3,3.2,Weedle
14,1,bug,poison,45,25,25,50,25,35,0.6,10,Kakuna
15,1,bug,poison,65,15,150,40,80,145,1,29.5,Beedrill
16,1,normal,flying,40,35,45,40,35,56,0.3,1.8,Pidgey
17,1,normal,flying,63,50,60,55,50,71,1.1,30,Pidgeotto
18,1,normal,flying,83,135,80,80,80,121,1.5,39.5,Pidgeot
19,1,normal,dark,30,25,56,35,35,72,,,Rattata
20,1,normal,dark,75,40,71,70,80,77,,,Raticate
21,1,normal,flying,40,31,60,30,31,70,0.3,2,Spearow
22,1,normal,flying,65,61,90,65,61,100,1.2,38,Fearow
23,1,poison,,35,40,60,44,54,55,2,6.9,Ekans
24,1,poison,,60,65,95,69,79,80,3.5,65,Arbok
25,1,electric,,35,50,55,40,50,90,0.4,6,Pikachu
26,1,electric,electric,60,95,85,50,85,110,,,Raichu
27,1,ground,ice,50,10,75,90,35,40,,,Sandshrew
28,1,ground,ice,75,25,100,120,65,65,,,Sandslash
29,1,poison,,55,40,47,52,40,41,0.4,7,Nidoran♀
30,1,poison,,70,55,62,67,55,56,0.8,20,Nidorina
31,1,poison,ground,90,75,92,87,85,76,1.3,60,Nidoqueen
32,1,poison,,46,40,57,40,40,50,0.5,9,Nidoran♂
33,1,poison,,61,55,72,57,55,65,0.9,19.5,Nidorino
34,1,poison,ground,81,85,102,77,75,85,1.4,62,Nidoking
35,1,fairy,,70,60,45,48,65,35,0.6,7.5,Clefairy
36,1,fairy,,95,95,70,73,90,60,1.3,40,Clefable
37,1,fire,ice,38,50,41,40,65,65,,,Vulpix
38,1,fire,ice,73,81,67,75,100,109,,,Ninetales
39,1,normal,fairy,115,45,45,20,25,20,0.5,5.5,Jigglypuff
40,1,normal,fairy,140,85,70,45,50,45,1,12,Wigglytuff
41,1,poison,flying,40,30,45,35,40,55,0.8,7.5,Zubat
42,1,poison,flying,75,65,80,70,75,90,1.6,55,Golbat
43,1,grass,poison,45,75,50,55,65,30,0.5,5.4,Oddish
44,1,grass,poison,60,85,65,70,75,40,0.8,8.6,Gloom
45,1,grass,poison,75,110,80,85,90,50,1.2,18.6,Vileplume
46,1,bug,grass,35,45,70,55,55,25,0.3,5.4,Paras
47,1,bug,grass,60,60,95,80,80,30,1,29.5,Parasect
48,1,bug,poison,60,40,55,50,55,45,1,30,Venonat
49,1,bug,poison,70,90,65,60,75,90,1.5,12.5,Venomoth
50,1,ground,ground,10,35,55,30,45,90,,,Diglett
51,1,ground,ground,35,50,100,60,70,110,,,Dugtrio
52,1,normal,dark,40,50,35,35,40,90,,,Meowth
53,1,normal,dark,65,75,60,60,65,115,,,Persian
54,1,water,,50,65,52,48,50,55,0.8,19.6,Psyduck
55,1,water,,80,95,82,78,80,85,1.7,76.6,Golduck
56,1,fighting,,40,35,80,35,45,70,0.5,28,Mankey
57,1,fighting,,65,60,105,60,70,95,1,32,Primeape
58,1,fire,,55,70,70,45,50,60,0.7,19,Growlithe
59,1,fire,,90,100,110,80,80,95,1.9,155,Arcanine
60,1,water,,40,40,50,40,40,90,0.6,12.4,Poliwag
61,1,water,,65,50,65,65,50,90,1,20,Poliwhirl
62,1,water,fighting,90,70,95,95,90,70,1.3,54,Poliwrath
63,1,psychic,,25,105,20,15,55,90,0.9,19.5,Abra
64,1,psychic,,40,120,35,30,70,105,1.3,56.5,Kadabra
65,1,psychic,,55,175,50,65,105,150,1.5,48,Alakazam
66,1,fighting,,70,35,80,50,35,35,0.8,19.5,Machop
67,1,fighting,,80,50,100,70,60,45,1.5,70.5,Machoke
68,1,fighting,,90,65,130,80,85,55,1.6,130,Machamp
69,1,grass,poison,50,70,75,35,30,40,0.7,4,Bellsprout
70,1,grass,poison,65,85,90,50,45,55,1,6.4,Weepinbell
71,1,grass,poison,80,100,105,65,70,70,1.7,15.5,Victreebel
72,1,water,poison,40,50,40,35,100,70,0.9,45.5,Tentacool
73,1,water,poison,80,80,70,65,120,100,1.6,55,Tentacruel
74,1,rock,ground,40,30,80,100,30,20,,,Geodude
75,1,rock,ground,55,45,95,115,45,35,,,Graveler
76,1,rock,ground,80,55,120,130,65,45,,,Golem
77,1,fire,,50,65,85,55,65,90,1,30,Ponyta
78,1,fire,,65,80,100,70,80,105,1.7,95,Rapidash
79,1,water,psychic,90,40,65,65,40,15,1.2,36,Slowpoke
80,1,water,psychic,95,130,75,180,80,30,1.6,78.5,Slowbro
81,1,electric,steel,25,95,35,70,55,45,0.3,6,Magnemite
82,1,electric,steel,50,120,60,95,70,70,1,60,Magneton
83,1,normal,flying,52,58,90,55,62,60,0.8,15,Farfetch'd
84,1,normal,flying,35,35,85,45,35,75,1.4,39.2,Doduo
85,1,normal,flying,60,60,110,70,60,110,1.8,85.2,Dodrio
86,1,water,,65,45,45,55,70,45,1.1,90,Seel
87,1,water,ice,90,70,70,80,95,70,1.7,120,Dewgong
88,1,poison,poison,80,40,80,50,50,25,,,Grimer
89,1,poison,poison,105,65,105,75,100,50,,,Muk
90,1,water,,30,45,65,100,25,40,0.3,4,Shellder
91,1,water,ice,50,85,95,180,45,70,1.5,132.5,Cloyster
92,1,ghost,poison,30,100,35,30,35,80,1.3,0.1,Gastly
93,1,ghost,poison,45,115,50,45,55,95,1.6,0.1,Haunter
94,1,ghost,poison,60,170,65,80,95,130,1.5,40.5,Gengar
95,1,rock,ground,35,30,45,160,45,70,8.8,210,Onix
96,1,psychic,,60,43,48,45,90,42,1,32.4,Drowzee
97,1,psychic,,85,73,73,70,115,67,1.6,75.6,Hypno
98,1,water,,30,25,105,90,25,50,0.4,6.5,Krabby
99,1,water,,55,50,130,115,50,75,1.3,60,Kingler
100,1,electric,,40,55,30,50,55,100,0.5,10.4,Voltorb
101,1,electric,,60,80,50,70,80,150,1.2,66.6,Electrode
102,1,grass,psychic,60,60,40,80,45,40,0.4,2.5,Exeggcute
103,1,grass,psychic,95,125,105,85,75,45,,,Exeggutor
104,1,ground,,50,40,50,95,50,35,0.4,6.5,Cubone
105,1,ground,fire,60,50,80,110,80,45,,,Marowak
106,1,fighting,,50,35,120,53,110,87,1.5,49.8,Hitmonlee
107,1,fighting,,50,35,105,79,110,76,1.4,50.2,Hitmonchan
108,1,normal,,90,60,55,75,75,30,1.2,65.5,Lickitung
109,1,poison,,40,60,65,95,45,35,0.6,1,Koffing
110,1,poison,,65,85,90,120,70,60,1.2,9.5,Weezing
111,1,ground,rock,80,30,85,95,30,25,1,115,Rhyhorn
112,1,ground,rock,105,45,130,120,45,40,1.9,120,Rhydon
113,1,normal,,250,35,5,5,105,50,1.1,34.6,Chansey
114,1,grass,,65,100,55,115,40,60,1,35,Tangela
115,1,normal,,105,60,125,100,100,100,2.2,80,Kangaskhan
116,1,water,,30,70,40,70,25,60,0.4,8,Horsea
117,1,water,,55,95,65,95,45,85,1.2,25,Seadra
118,1,water,,45,35,67,60,50,63,0.6,15,Goldeen
119,1,water,,80,65,92,65,80,68,1.3,39,Seaking
120,1,water,,30,70,45,55,55,85,0.8,34.5,Staryu
121,1,water,psychic,60,100,75,85,85,115,1.1,80,Starmie
122,1,psychic,fairy,40,100,45,65,120,90,1.3,54.5,Mr. Mime
123,1,bug,flying,70,55,110,80,80,105,1.5,56,Scyther
124,1,ice,psychic,65,115,50,35,95,95,1.4,40.6,Jynx
125,1,electric,,65,95,83,57,85,105,1.1,30,Electabuzz
126,1,fire,,65,100,95,57,85,93,1.3,44.5,Magmar
127,1,bug,,65,65,155,120,90,105,1.5,55,Pinsir
128,1,normal,,75,40,100,95,70,110,1.4,88.4,Tauros
129,1,water,,20,15,10,55,20,80,0.9,10,Magikarp
130,1,water,flying,95,70,155,109,130,81,6.5,235,Gyarados
131,1,water,ice,130,85,85,80,95,60,2.5,220,Lapras
132,1,normal,,48,48,48,48,48,48,0.3,4,Ditto
133,1,normal,,55,45,55,50,65,55,0.3,6.5,Eevee
134,1,water,,130,110,65,60,95,65,1,29,Vaporeon
135,1,electric,,65,110,65,60,95,130,0.8,24.5,Jolteon
136,1,fire,,65,95,130,60,110,65,0.9,25,Flareon
137,1,normal,,65,85,60,70,75,40,0.8,36.5,Porygon
138,1,rock,water,35,90,40,100,55,35,0.4,7.5,Omanyte
139,1,rock,water,70,115,60,125,70,55,1,35,Omastar
140,1,rock,water,30,55,80,90,45,55,0.5,11.5,Kabuto
141,1,rock,water,60,65,115,105,70,80,1.3,40.5,Kabutops
142,1,rock,flying,80,70,135,85,95,150,1.8,59,Aerodactyl
143,1,normal,,160,65,110,65,110,30,2.1,460,Snorlax
144,1,ice,flying,90,95,85,100,125,85,1.7,55.4,Articuno
145,1,electric,flying,90,125,90,85,90,100,1.6,52.6,Zapdos
146,1,fire,flying,90,125,100,90,85,90,2,60,Moltres
147,1,dragon,,41,50,64,45,50,50,1.8,3.3,Dratini
148,1,dragon,,61,70,84,65,70,70,4,16.5,Dragonair
149,1,dragon,flying,91,100,134,95,100,80,2.2,210,Dragonite
150,1,psychic,,106,194,150,70,120,140,2,122,Mewtwo
151,1,psychic,,100,100,100,100,100,100,0.4,4,Mew
152,2,grass,,45,49,49,65,65,45,0.9,6.4,Chikorita
153,2,grass,,60,63,62,80,80,60,1.2,15.8,Bayleef
154,2,grass,,80,83,82,100,100,80,1.8,100.5,Meganium
155,2,fire,,39,60,52,43,50,65,0.5,7.9,Cyndaquil
156,2,fire,,58,80,64,58,65,80,0.9,19,Quilava
157,2,fire,,78,109,84,78,85,100,1.7,79.5,Typhlosion
158,2,water,,50,44,65,64,48,43,0.6,9.5,Totodile
159,2,water,,65,59,80,80,63,58,1.1,25,Croconaw
160,2,water,,85,79,105,100,83,78,2.3,88.8,Feraligatr
161,2,normal,,35,35,46,34,45,20,0.8,6,Sentret
162,2,normal,,85,45,76,64,55,90,1.8,32.5,Furret
163,2,normal,flying,60,36,30,30,56,50,0.7,21.2,Hoothoot
164,2,normal,flying,100,86,50,50,96,70,1.6,40.8,Noctowl
165,2,bug,flying,40,40,20,30,80,55,1,10.8,Ledyba
166,2,bug,flying,55,55,35,50,110,85,1.4,35.6,Ledian
167,2,bug,poison,40,40,60,40,40,30,0.5,8.5,Spinarak
168,2,bug,poison,70,60,90,70,70,40,1.1,33.5,Ariados
169,2,poison,flying,85,70,90,80,80,130,1.8,75,Crobat
170,2,water,electric,75,56,38,38,56,67,0.5,12,Chinchou
171,2,water,electric,125,76,58,58,76,67,1.2,22.5,Lanturn
172,2,electric,,20,35,40,15,35,60,0.3,2,Pichu
173,2,fairy,,50,45,25,28,55,15,0.3,3,Cleffa
174,2,normal,fairy,90,40,30,15,20,15,0.3,1,Igglybuff
175,2,fairy,,35,40,20,65,65,20,0.3,1.5,Togepi
176,2,fairy,flying,55,80,40,85,105,40,0.6,3.2,Togetic
177,2,psychic,flying,40,70,50,45,45,70,0.2,2,Natu
178,2,psychic,flying,65,95,75,70,70,95,1.5,15,Xatu
179,2,electric,,55,65,40,40,45,35,0.6,7.8,Mareep
180,2,electric,,70,80,55,55,60,45,0.8,13.3,Flaaffy
181,2,electric,,90,165,95,105,110,45,1.4,61.5,Ampharos
182,2,grass,,75,90,80,95,100,50,0.4,5.8,Bellossom
183,2,water,fairy,70,20,20,50,50,40,0.4,8.5,Marill
184,2,water,fairy,100,60,50,80,80,50,0.8,28.5,Azumarill
185,2,rock,,70,30,100,115,65,30,1.2,38,Sudowoodo
186,2,water,,90,90,75,75,100,70,1.1,33.9,Politoed
187,2,grass,flying,35,35,35,40,55,50,0.4,0.5,Hoppip
188,2,grass,flying,55,45,45,50,65,80,0.6,1,Skiploom
189,2,grass,flying,75,55,55,70,95,110,0.8,3,Jumpluff
190,2,normal,,55,40,70,55,55,85,0.8,11.5,Aipom
191,2,grass,,30,30,30,30,30,30,0.3,1.8,Sunkern
192,2,grass,,75,105,75,55,85,30,0.8,8.5,Sunflora
193,2,bug,flying,65,75,65,45,45,95,1.2,38,Yanma
194,2,water,ground,55,25,45,45,25,15,0.4,8.5,Wooper
195,2,water,ground,95,65,85,85,65,35,1.4,75,Quagsire
196,2,psychic,,65,130,65,60,95,110,0.9,26.5,Espeon
197,2,dark,,95,60,65,110,130,65,1,27,Umbreon
198,2,dark,flying,60,85,85,42,42,91,0.5,2.1,Murkrow
199,2,water,psychic,95,100,75,80,110,30,2,79.5,Slowking
200,2,ghost,,60,85,60,60,85,85,0.7,1,Misdreavus
201,2,psychic,,48,72,72,48,48,48,0.5,5,Unown
202,2,psychic,,190,33,33,58,58,33,1.3,28.5,Wobbuffet
203,2,normal,psychic,70,90,80,65,65,85,1.5,41.5,Girafarig
204,2,bug,,50,35,65,90,35,15,0.6,7.2,Pineco
205,2,bug,steel,75,60,90,140,60,40,1.2,125.8,Forretress
206,2,normal,,100,65,70,70,65,45,1.5,14,Dunsparce
207,2,ground,flying,65,35,75,105,65,85,1.1,64.8,Gligar
208,2,steel,ground,75,55,125,230,95,30,9.2,400,Steelix
209,2,fairy,,60,40,80,50,40,30,0.6,7.8,Snubbull
210,2,fairy,,90,60,120,75,60,45,1.4,48.7,Granbull
211,2,water,poison,65,55,95,85,55,85,0.5,3.9,Qwilfish
212,2,bug,steel,70,65,150,140,100,75,1.8,118,Scizor
213,2,bug,rock,20,10,10,230,230,5,0.6,20.5,Shuckle
214,2,bug,fighting,80,40,185,115,105,75,1.5,54,Heracross
215,2,dark,ice,55,35,95,55,75,115,0.9,28,Sneasel
216,2,normal,,60,50,80,50,50,40,0.6,8.8,Teddiursa
217,2,normal,,90,75,130,75,75,55,1.8,125.8,Ursaring
218,2,fire,,40,70,40,40,40,20,0.7,35,Slugma
219,2,fire,rock,60,90,50,120,80,30,0.8,55,Magcargo
220,2,ice,ground,50,30,50,40,30,50,0.4,6.5,Swinub
221,2,ice,ground,100,60,100,80,60,50,1.1,55.8,Piloswine
222,2,water,rock,65,65,55,95,95,35,0.6,5,Corsola
223,2,water,,35,65,65,35,35,65,0.6,12,Remoraid
224,2,water,,75,105,105,75,75,45,0.9,28.5,Octillery
225,2,ice,flying,45,65,55,45,45,75,0.9,16,Delibird
226,2,water,flying,85,80,40,70,140,70,2.1,220,Mantine
227,2,steel,flying,65,40,80,140,70,70,1.7,50.5,Skarmory
228,2,dark,fire,45,80,60,30,50,65,0.6,10.8,Houndour
229,2,dark,fire,75,140,90,90,90,115,1.4,35,Houndoom
230,2,water,dragon,75,95,95,95,95,85,1.8,152,Kingdra
231,2,ground,,90,40,60,60,40,40,0.5,33.5,Phanpy
232,2,ground,,90,60,120,120,60,50,1.1,120,Donphan
233,2,normal,,85,105,80,90,95,60,0.6,32.5,Porygon2
234,2,normal,,73,85,95,62,65,85,1.4,71.2,Stantler
235,2,normal,,55,20,20,35,45,75,1.2,58,Smeargle
236,2,fighting,,35,35,35,35,35,35,0.7,21,Tyrogue
237,2,fighting,,50,35,95,95,110,70,1.4,48,Hitmontop
238,2,ice,psychic,45,85,30,15,65,65,0.4,6,Smoochum
239,2,electric,,45,65,63,37,55,95,0.6,23.5,Elekid
240,2,fire,,45,70,75,37,55,83,0.7,21.4,Magby
241,2,normal,,95,40,80,105,70,100,1.2,75.5,Miltank
242,2,normal,,255,75,10,10,135,55,1.5,46.8,Blissey
243,2,electric,,90,115,85,75,100,115,1.9,178,Raikou
244,2,fire,,115,90,115,85,75,100,2.1,198,Entei
245,2,water,,100,90,75,115,115,85,2,187,Suicune
246,2,rock,ground,50,45,64,50,50,41,0.6,72,Larvitar
247,2,rock,ground,70,65,84,70,70,51,1.2,152,Pupitar
248,2,rock,dark,100,95,164,150,120,71,2,202,Tyranitar
249,2,psychic,flying,106,90,90,130,154,110,5.2,216,Lugia
250,2,fire,flying,106,110,130,90,154,90,3.8,199,Ho-Oh
251,2,psychic,grass,100,100,100,100,100,100,0.6,5,Celebi
252,3,grass,,40,65,45,35,55,70,0.5,5,Treecko
253,3,grass,,50,85,65,45,65,95,0.9,21.6,Grovyle
254,3,grass,,70,145,110,75,85,145,1.7,52.2,Sceptile
255,3,fire,,45,70,60,40,50,45,0.4,2.5,Torchic
256,3,fire,fighting,60,85,85,60,60,55,0.9,19.5,Combusken
257,3,fire,fighting,80,130,160,80,80,100,1.9,52,Blaziken
258,3,water,,50,50,70,50,50,40,0.4,7.6,Mudkip
259,3,water,ground,70,60,85,70,70,50,0.7,28,Marshtomp
260,3,water,ground,100,95,150,110,110,70,1.5,81.9,Swampert
261,3,dark,,35,30,55,35,30,35,0.5,13.6,Poochyena
262,3,dark,,70,60,90,70,60,70,1,37,Mightyena
263,3,normal,,38,30,30,41,41,60,0.4,17.5,Zigzagoon
264,3,normal,,78,50,70,61,61,100,0.5,32.5,Linoone
265,3,bug,,45,20,45,35,30,20,0.3,3.6,Wurmple
266,3,bug,,50,25,35,55,25,15,0.6,10,Silcoon
267,3,bug,flying,60,100,70,50,50,65,1,28.4,Beautifly
268,3,bug,,50,25,35,55,25,15,0.7,11.5,Cascoon
269,3,bug,poison,60,50,50,70,90,65,1.2,31.6,Dustox
270,3,water,grass,40,40,30,30,50,30,0.5,2.6,Lotad
271,3,water,grass,60,60,50,50,70,50,1.2,32.5,Lombre
272,3,water,grass,80,90,70,70,100,70,1.5,55,Ludicolo
273,3,grass,,40,30,40,50,30,30,0.5,4,Seedot
274,3,grass,dark,70,60,70,40,40,60,1,28,Nuzleaf
275,3,grass,dark,90,90,100,60,60,80,1.3,59.6,Shiftry
276,3,normal,flying,40,30,55,30,30,85,0.3,2.3,Taillow
277,3,normal,flying,60,75,85,60,50,125,0.7,19.8,Swellow
278,3,water,flying,40,55,30,30,30,85,0.6,9.5,Wingull
279,3,water,flying,60,95,50,100,70,65,1.2,28,Pelipper
280,3,psychic,fairy,28,45,25,25,35,40,0.4,6.6,Ralts
281,3,psychic,fairy,38,65,35,35,55,50,0.8,20.2,Kirlia
282,3,psychic,fairy,68,165,85,65,135,100,1.6,48.4,Gardevoir
283,3,bug,water,40,50,30,32,52,65,0.5,1.7,Surskit
284,3,bug,flying,70,100,60,62,82,80,0.8,3.6,Masquerain
285,3,grass,,60,40,40,60,60,35,0.4,4.5,Shroomish
286,3,grass,fighting,60,60,130,80,60,70,1.2,39.2,Breloom
287,3,normal,,60,35,60,60,35,30,0.8,24,Slakoth
288,3,normal,,80,55,80,80,55,90,1.4,46.5,Vigoroth
289,3,normal,,150,95,160,100,65,100,2,130.5,Slaking
290,3,bug,ground,31,30,45,90,30,40,0.5,5.5,Nincada
291,3,bug,flying,61,50,90,45,50,160,0.8,12,Ninjask
292,3,bug,ghost,1,30,90,45,30,40,0.8,1.2,Shedinja
293,3,normal,,64,51,51,23,23,28,0.6,16.3,Whismur
294,3,normal,,84,71,71,43,43,48,1,40.5,Loudred
295,3,normal,,104,91,91,63,73,68,1.5,84,Exploud
296,3,fighting,,72,20,60,30,30,25,1,86.4,Makuhita
297,3,fighting,,144,40,120,60,60,50,2.3,253.8,Hariyama
298,3,normal,fairy,50,20,20,40,40,20,0.2,2,Azurill
299,3,rock,,30,45,45,135,90,30,1,97,Nosepass
300,3,normal,,50,35,45,45,35,50,0.6,11,Skitty
301,3,normal,,70,55,65,65,55,90,1.1,32.6,Delcatty
302,3,dark,ghost,50,85,85,125,115,20,0.5,11,Sableye
303,3,steel,fairy,50,55,105,125,95,50,0.6,11.5,Mawile
304,3,steel,rock,50,40,70,100,40,30,0.4,60,Aron
305,3,steel,rock,60,50,90,140,50,40,0.9,120,Lairon
306,3,steel,rock,70,60,140,230,80,50,2.1,360,Aggron
307,3,fighting,psychic,30,40,40,55,55,60,0.6,11.2,Meditite
308,3,fighting,psychic,60,80,100,85,85,100,1.3,31.5,Medicham
309,3,electric,,40,65,45,40,40,65,0.6,15.2,Electrike
310,3,electric,,70,135,75,80,80,135,1.5,40.2,Manectric
311,3,electric,,60,85,50,40,75,95,0.4,4.2,Plusle
312,3,electric,,60,75,40,50,85,95,0.4,4.2,Minun
313,3,bug,,65,47,73,75,85,85,0.7,17.7,Volbeat
314,3,bug,,65,73,47,75,85,85,0.6,17.7,Illumise
315,3,grass,poison,50,100,60,45,80,65,0.3,2,Roselia
316,3,poison,,70,43,43,53,53,40,0.4,10.3,Gulpin
317,3,poison,,100,73,73,83,83,55,1.7,80,Swalot
318,3,water,dark,45,65,90,20,20,65,0.8,20.8,Carvanha
319,3,water,dark,70,110,140,70,65,105,1.8,88.8,Sharpedo
320,3,water,,130,70,70,35,35,60,2,130,Wailmer
321,3,water,,170,90,90,45,45,60,14.5,398,Wailord
322,3,fire,ground,60,65,60,40,45,35,0.7,24,Numel
323,3,fire,ground,70,145,120,100,105,20,1.9,220,Camerupt
324,3,fire,,70,85,85,140,70,20,0.5,80.4,Torkoal
325,3,psychic,,60,70,25,35,80,60,0.7,30.6,Spoink
326,3,psychic,,80,90,45,65,110,80,0.9,71.5,Grumpig
327,3,normal,,60,60,60,60,60,60,1.1,5,Spinda
328,3,ground,,45,45,100,45,45,10,0.7,15,Trapinch
329,3,ground,dragon,50,50,70,50,50,70,1.1,15.3,Vibrava
330,3,ground,dragon,80,80,100,80,80,100,2,82,Flygon
331,3,grass,,50,85,85,40,40,35,0.4,51.3,Cacnea
332,3,grass,dark,70,115,115,60,60,55,1.3,77.4,Cacturne
333,3,normal,flying,45,40,40,60,75,50,0.4,1.2,Swablu
334,3,dragon,flying,75,110,110,110,105,80,1.1,20.6,Altaria
335,3,normal,,73,60,115,60,60,90,1.3,40.3,Zangoose
336,3,poison,,73,100,100,60,60,65,2.7,52.5,Seviper
337,3,rock,psychic,90,95,55,65,85,70,1,168,Lunatone
338,3,rock,psychic,90,55,95,85,65,70,1.2,154,Solrock
339,3,water,ground,50,46,48,43,41,60,0.4,1.9,Barboach
340,3,water,ground,110,76,78,73,71,60,0.9,23.6,Whiscash
341,3,water,,43,50,80,65,35,35,0.6,11.5,Corphish
342,3,water,dark,63,90,120,85,55,55,1.1,32.8,Crawdaunt
343,3,ground,psychic,40,40,40,55,70,55,0.5,21.5,Baltoy
344,3,ground,psychic,60,70,70,105,120,75,1.5,108,Claydol
345,3,rock,grass,66,61,41,77,87,23,1,23.8,Lileep
346,3,rock,grass,86,81,81,97,107,43,1.5,60.4,Cradily
347,3,rock,bug,45,40,95,50,50,75,0.7,12.5,Anorith
348,3,rock,bug,75,70,125,100,80,45,1.5,68.2,Armaldo
349,3,water,,20,10,15,20,55,80,0.6,7.4,Feebas
350,3,water,,95,100,60,79,125,81,6.2,162,Milotic
351,3,normal,,70,70,70,70,70,70,0.3,0.8,Castform
352,3,normal,,60,60,90,70,120,40,1,22,Kecleon
353,3,ghost,,44,63,75,35,33,45,0.6,2.3,Shuppet
354,3,ghost,,64,93,165,75,83,75,1.1,12.5,Banette
355,3,ghost,,20,30,40,90,90,25,0.8,15,Duskull
356,3,ghost,,40,60,70,130,130,25,1.6,30.6,Dusclops
357,3,grass,flying,99,72,68,83,87,51,2,100,Tropius
358,3,psychic,,75,95,50,80,90,65,0.6,1,Chimecho
359,3,dark,,65,115,150,60,60,115,1.2,47,Absol
360,3,psychic,,95,23,23,48,48,23,0.6,14,Wynaut
361,3,ice,,50,50,50,50,50,50,0.7,16.8,Snorunt
362,3,ice,,80,120,120,80,80,100,1.5,256.5,Glalie
363,3,ice,water,70,55,40,50,50,25,0.8,39.5,Spheal
364,3,ice,water,90,75,60,70,70,45,1.1,87.6,Sealeo
365,3,ice,water,110,95,80,90,90,65,1.4,150.6,Walrein
366,3,water,,35,74,64,85,55,32,0.4,52.5,Clamperl
367,3,water,,55,94,104,105,75,52,1.7,27,Huntail
368,3,water,,55,114,84,105,75,52,1.8,22.6,Gorebyss
369,3,water,rock,100,45,90,130,65,55,1,23.4,Relicanth
370,3,water,,43,40,30,55,65,97,0.6,8.7,Luvdisc
371,3,dragon,,45,40,75,60,30,50,0.6,42.1,Bagon
372,3,dragon,,65,60,95,100,50,50,1.1,110.5,Shelgon
373,3,dragon,flying,95,120,145,130,90,120,1.5,102.6,Salamence
374,3,steel,psychic,40,35,55,80,60,30,0.6,95.2,Beldum
375,3,steel,psychic,60,55,75,100,80,50,1.2,202.5,Metang
376,3,steel,psychic,80,105,145,150,110,110,1.6,550,Metagross
377,3,rock,,80,50,100,200,100,50,1.7,230,Regirock
378,3,ice,,80,100,50,100,200,50,1.8,175,Regice
379,3,steel,,80,75,75,150,150,50,1.9,205,Registeel
380,3,dragon,psychic,80,140,100,120,150,110,1.4,40,Latias
381,3,dragon,psychic,80,160,130,100,120,110,2,60,Latios
382,3,water,,100,180,150,90,160,90,4.5,352,Kyogre
383,3,ground,,100,150,180,160,90,90,3.5,950,Groudon
384,3,dragon,flying,105,180,180,100,100,115,7,206.5,Rayquaza
385,3,steel,psychic,100,100,100,100,100,100,0.3,1.1,Jirachi
386,3,psychic,,50,95,95,90,90,180,1.7,60.8,Deoxys
387,4,grass,,55,45,68,64,55,31,0.4,10.2,Turtwig
388,4,grass,,75,55,89,85,65,36,1.1,97,Grotle
389,4,grass,ground,95,75,109,105,85,56,2.2,310,Torterra
390,4,fire,,44,58,58,44,44,61,0.5,6.2,Chimchar
391,4,fire,fighting,64,78,78,52,52,81,0.9,22,Monferno
392,4,fire,fighting,76,104,104,71,71,108,1.2,55,Infernape
393,4,water,,53,61,51,53,56,40,0.4,5.2,Piplup
394,4,water,,64,81,66,68,76,50,0.8,23,Prinplup
395,4,water,steel,84,111,86,88,101,60,1.7,84.5,Empoleon
396,4,normal,flying,40,30,55,30,30,60,0.3,2,Starly
397,4,normal,flying,55,40,75,50,40,80,0.6,15.5,Staravia
398,4,normal,flying,85,50,120,70,60,100,1.2,24.9,Staraptor
399,4,normal,,59,35,45,40,40,31,0.5,20,Bidoof
400,4,normal,water,79,55,85,60,60,71,1,31.5,Bibarel
401,4,bug,,37,25,25,41,41,25,0.3,2.2,Kricketot
402,4,bug,,77,55,85,51,51,65,1,25.5,Kricketune
403,4,electric,,45,40,65,34,34,45,0.5,9.5,Shinx
404,4,electric,,60,60,85,49,49,60,0.9,30.5,Luxio
405,4,electric,,80,95,120,79,79,70,1.4,42,Luxray
406,4,grass,poison,40,50,30,35,70,55,0.2,1.2,Budew
407,4,grass,poison,60,125,70,65,105,90,0.9,14.5,Roserade
408,4,rock,,67,30,125,40,30,58,0.9,31.5,Cranidos
409,4,rock,,97,65,165,60,50,58,1.6,102.5,Rampardos
410,4,rock,steel,30,42,42,118,88,30,0.5,57,Shieldon
411,4,rock,steel,60,47,52,168,138,30,1.3,149.5,Bastiodon
412,4,bug,,40,29,29,45,45,36,0.2,3.4,Burmy
413,4,bug,grass,60,69,69,95,95,36,0.5,6.5,Wormadam
414,4,bug,flying,70,94,94,50,50,66,0.9,23.3,Mothim
415,4,bug,flying,30,30,30,42,42,70,0.3,5.5,Combee
416,4,bug,flying,70,80,80,102,102,40,1.2,38.5,Vespiquen
417,4,electric,,60,45,45,70,90,95,0.4,3.9,Pachirisu
418,4,water,,55,60,65,35,30,85,0.7,29.5,Buizel
419,4,water,,85,85,105,55,50,115,1.1,33.5,Floatzel
420,4,grass,,45,62,35,45,53,35,0.4,3.3,Cherubi
421,4,grass,,70,87,60,70,78,85,0.5,9.3,Cherrim
422,4,water,,76,57,48,48,62,34,0.3,6.3,Shellos
423,4,water,ground,111,92,83,68,82,39,0.9,29.9,Gastrodon
424,4,normal,,75,60,100,66,66,115,1.2,20.3,Ambipom
425,4,ghost,flying,90,60,50,34,44,70,0.4,1.2,Drifloon
426,4,ghost,flying,150,90,80,44,54,80,1.2,15,Drifblim
427,4,normal,,55,44,66,44,56,85,0.4,5.5,Buneary
428,4,normal,,65,54,136,94,96,135,1.2,33.3,Lopunny
429,4,ghost,,60,105,60,60,105,105,0.9,4.4,Mismagius
430,4,dark,flying,100,105,125,52,52,71,0.9,27.3,Honchkrow
431,4,normal,,49,42,55,42,37,85,0.5,3.9,Glameow
432,4,normal,,71,64,82,64,59,112,1,43.8,Purugly
433,4,psychic,,45,65,30,50,50,45,0.2,0.6,Chingling
434,4,poison,dark,63,41,63,47,41,74,0.4,19.2,Stunky
435,4,poison,dark,103,71,93,67,61,84,1,38,Skuntank
436,4,steel,psychic,57,24,24,86,86,23,0.5,60.5,Bronzor
437,4,steel,psychic,67,79,89,116,116,33,1.3,187,Bronzong
438,4,rock,,50,10,80,95,45,10,0.5,15,Bonsly
439,4,psychic,fairy,20,70,25,45,90,60,0.6,13,Mime Jr.
440,4,normal,,100,15,5,5,65,30,0.6,24.4,Happiny
441,4,normal,flying,76,92,65,45,42,91,0.5,1.9,Chatot
442,4,ghost,dark,50,92,92,108,108,35,1,108,Spiritomb
443,4,dragon,ground,58,40,70,45,45,42,0.7,20.5,Gible
444,4,dragon,ground,68,50,90,65,55,82,1.4,56,Gabite
445,4,dragon,ground,108,120,170,115,95,92,1.9,95,Garchomp
446,4,normal,,135,40,85,40,85,5,0.6,105,Munchlax
447,4,fighting,,40,35,70,40,40,60,0.7,20.2,Riolu
448,4,fighting,steel,70,140,145,88,70,112,1.2,54,Lucario
449,4,ground,,68,38,72,78,42,32,0.8,49.5,Hippopotas
450,4,ground,,108,68,112,118,72,47,2,300,Hippowdon
451,4,poison,bug,40,30,50,90,55,65,0.8,12,Skorupi
452,4,poison,dark,70,60,90,110,75,95,1.3,61.5,Drapion
453,4,poison,fighting,48,61,61,40,40,50,0.7,23,Croagunk
454,4,poison,fighting,83,86,106,65,65,85,1.3,44.4,Toxicroak
455,4,grass,,74,90,100,72,72,46,1.4,27,Carnivine
456,4,water,,49,49,49,56,61,66,0.4,7,Finneon
457,4,water,,69,69,69,76,86,91,1.2,24,Lumineon
458,4,water,flying,45,60,20,50,120,50,1,65,Mantyke
459,4,grass,ice,60,62,62,50,60,40,1,50.5,Snover
460,4,grass,ice,90,132,132,105,105,30,2.2,135.5,Abomasnow
461,4,dark,ice,70,45,120,65,85,125,1.1,34,Weavile
462,4,electric,steel,70,130,70,115,90,60,1.2,180,Magnezone
463,4,normal,,110,80,85,95,95,50,1.7,140,Lickilicky
464,4,ground,rock,115,55,140,130,55,40,2.4,282.8,Rhyperior
465,4,grass,,100,110,100,125,50,50,2,128.6,Tangrowth
466,4,electric,,75,95,123,67,85,95,1.8,138.6,Electivire
467,4,fire,,75,125,95,67,95,83,1.6,68,Magmortar
468,4,fairy,flying,85,120,50,95,115,80,1.5,38,Togekiss
469,4,bug,flying,86,116,76,86,56,95,1.9,51.5,Yanmega
470,4,grass,,65,60,110,130,65,95,1,25.5,Leafeon
471,4,ice,,65,130,60,110,95,65,0.8,25.9,Glaceon
472,4,ground,flying,75,45,95,125,75,95,2,42.5,Gliscor
473,4,ice,ground,110,70,130,80,60,80,2.5,291,Mamoswine
474,4,normal,,85,135,80,70,75,90,0.9,34,Porygon-Z
475,4,psychic,fighting,68,65,165,95,115,110,1.6,52,Gallade
476,4,rock,steel,60,75,55,145,150,40,1.4,340,Probopass
477,4,ghost,,45,65,100,135,135,45,2.2,106.6,Dusknoir
478,4,ice,ghost,70,80,80,70,70,110,1.3,26.6,Froslass
479,4,electric,ghost,50,105,65,107,107,86,0.3,0.3,Rotom
480,4,psychic,,75,75,75,130,130,95,0.3,0.3,Uxie
481,4,psychic,,80,105,105,105,105,80,0.3,0.3,Mesprit
482,4,psychic,,75,125,125,70,70,115,0.3,0.3,Azelf
483,4,steel,dragon,100,150,120,120,100,90,5.4,683,Dialga
484,4,water,dragon,90,150,120,100,120,100,4.2,336,Palkia
485,4,fire,steel,91,130,90,106,106,77,1.7,430,Heatran
486,4,normal,,110,80,160,110,110,100,3.7,420,Regigigas
487,4,ghost,dragon,150,120,120,100,100,90,4.5,750,Giratina
488,4,psychic,,120,75,70,120,130,85,1.5,85.6,Cresselia
489,4,water,,80,80,80,80,80,80,0.4,3.1,Phione
490,4,water,,100,100,100,100,100,100,0.3,1.4,Manaphy
491,4,dark,,70,135,90,90,90,125,1.5,50.5,Darkrai
492,4,grass,grass,100,120,103,75,75,127,0.2,2.1,Shaymin
493,4,normal,,120,120,120,120,120,120,3.2,320,Arceus
494,5,psychic,fire,100,100,100,100,100,100,0.4,4,Victini
495,5,grass,,45,45,45,55,55,63,0.6,8.1,Snivy
496,5,grass,,60,60,60,75,75,83,0.8,16,Servine
497,5,grass,,75,75,75,95,95,113,3.3,63,Serperior
498,5,fire,,65,45,63,45,45,45,0.5,9.9,Tepig
499,5,fire,fighting,90,70,93,55,55,55,1,55.5,Pignite
500,5,fire,fighting,110,100,123,65,65,65,1.6,150,Emboar
501,5,water,,55,63,55,45,45,45,0.5,5.9,Oshawott
502,5,water,,75,83,75,60,60,60,0.8,24.5,Dewott
503,5,water,,95,108,100,85,70,70,1.5,94.6,Samurott
504,5,normal,,45,35,55,39,39,42,0.5,11.6,Patrat
505,5,normal,,60,60,85,69,69,77,1.1,27,Watchog
506,5,normal,,45,25,60,45,45,55,0.4,4.1,Lillipup
507,5,normal,,65,35,80,65,65,60,0.9,14.7,Herdier
508,5,normal,,85,45,110,90,90,80,1.2,61,Stoutland
509,5,dark,,41,50,50,37,37,66,0.4,10.1,Purrloin
510,5,dark,,64,88,88,50,50,106,1.1,37.5,Liepard
511,5,grass,,50,53,53,48,48,64,0.6,10.5,Pansage
512,5,grass,,75,98,98,63,63,101,1.1,30.5,Simisage
513,5,fire,,50,53,53,48,48,64,0.6,11,Pansear
514,5,fire,,75,98,98,63,63,101,1,28,Simisear
515,5,water,,50,53,53,48,48,64,0.6,13.5,Panpour
516,5,water,,75,98,98,63,63,101,1,29,Simipour
517,5,psychic,,76,67,25,45,55,24,0.6,23.3,Munna
518,5,psychic,,116,107,55,85,95,29,1.1,60.5,Musharna
519,5,normal,flying,50,36,55,50,30,43,0.3,2.1,Pidove
520,5,normal,flying,62,50,77,62,42,65,0.6,15,Tranquill
521,5,normal,flying,80,65,115,80,55,93,1.2,29,Unfezant
522,5,electric,,45,50,60,32,32,76,0.8,29.8,Blitzle
523,5,electric,,75,80,100,63,63,116,1.6,79.5,Zebstrika
524,5,rock,,55,25,75,85,25,15,0.4,18,Roggenrola
525,5,rock,,70,50,105,105,40,20,0.9,102,Boldore
526,5,rock,,85,60,135,130,80,25,1.7,260,Gigalith
527,5,psychic,flying,65,55,45,43,43,72,0.4,2.1,Woobat
528,5,psychic,flying,67,77,57,55,55,114,0.9,10.5,Swoobat
529,5,ground,,60,30,85,40,45,68,0.3,8.5,Drilbur
530,5,ground,steel,110,50,135,60,65,88,0.7,40.4,Excadrill
531,5,normal,,103,80,60,126,126,50,1.1,31,Audino
532,5,fighting,,75,25,80,55,35,35,0.6,12.5,Timburr
533,5,fighting,,85,40,105,85,50,40,1.2,40,Gurdurr
534,5,fighting,,105,55,140,95,65,45,1.4,87,Conkeldurr
535,5,water,,50,50,50,40,40,64,0.5,4.5,Tympole
536,5,water,ground,75,65,65,55,55,69,0.8,17,Palpitoad
537,5,water,ground,105,85,95,75,75,74,1.5,62,Seismitoad
538,5,fighting,,120,30,100,85,85,45,1.3,55.5,Throh
539,5,fighting,,75,30,125,75,75,85,1.4,51,Sawk
540,5,bug,grass,45,40,53,70,60,42,0.3,2.5,Sewaddle
541,5,bug,grass,55,50,63,90,80,42,0.5,7.3,Swadloon
542,5,bug,grass,75,70,103,80,80,92,1.2,20.5,Leavanny
543,5,bug,poison,30,30,45,59,39,57,0.4,5.3,Venipede
544,5,bug,poison,40,40,55,99,79,47,1.2,58.5,Whirlipede
545,5,bug,poison,60,55,100,89,69,112,2.5,200.5,Scolipede
546,5,grass,fairy,40,37,27,60,50,66,0.3,0.6,Cottonee
547,5,grass,fairy,60,77,67,85,75,116,0.7,6.6,Whimsicott
548,5,grass,,45,70,35,50,50,30,0.5,6.6,Petilil
549,5,grass,,70,110,60,75,75,90,1.1,16.3,Lilligant
550,5,water,,70,80,92,65,55,98,1,18,Basculin
551,5,ground,dark,50,35,72,35,35,65,0.7,15.2,Sandile
552,5,ground,dark,60,45,82,45,45,74,1,33.4,Krokorok
553,5,ground,dark,95,65,117,80,70,92,1.5,96.3,Krookodile
554,5,fire,,70,15,90,45,45,50,0.6,37.5,Darumaka
555,5,fire,fire,105,140,30,105,105,55,1.3,92.9,Darmanitan
556,5,grass,,75,106,86,67,67,60,1,28,Maractus
557,5,bug,rock,50,35,65,85,35,55,0.3,14.5,Dwebble
558,5,bug,rock,70,65,105,125,75,45,1.4,200,Crustle
559,5,dark,fighting,50,35,75,70,70,48,0.6,11.8,Scraggy
560,5,dark,fighting,65,45,90,115,115,58,1.1,30,Scrafty
561,5,psychic,flying,72,103,58,80,80,97,1.4,14,Sigilyph
562,5,ghost,,38,55,30,85,65,30,0.5,1.5,Yamask
563,5,ghost,,58,95,50,145,105,30,1.7,76.5,Cofagrigus
564,5,water,rock,54,53,78,103,45,22,0.7,16.5,Tirtouga
565,5,water,rock,74,83,108,133,65,32,1.2,81,Carracosta
566,5,rock,flying,55,74,112,45,45,70,0.5,9.5,Archen
567,5,rock,flying,75,112,140,65,65,110,1.4,32,Archeops
568,5,poison,,50,40,50,62,62,65,0.6,31,Trubbish
569,5,poison,,80,60,95,82,82,75,1.9,107.3,Garbodor
570,5,dark,,40,80,65,40,40,65,0.7,12.5,Zorua
571,5,dark,,60,120,105,60,60,105,1.6,81.1,Zoroark
572,5,normal,,55,40,50,40,40,75,0.4,5.8,Minccino
573,5,normal,,75,65,95,60,60,115,0.5,7.5,Cinccino
574,5,psychic,,45,55,30,50,65,45,0.4,5.8,Gothita
575,5,psychic,,60,75,45,70,85,55,0.7,18,Gothorita
576,5,psychic,,70,95,55,95,110,65,1.5,44,Gothitelle
577,5,psychic,,45,105,30,40,50,20,0.3,1,Solosis
578,5,psychic,,65,125,40,50,60,30,0.6,8,Duosion
579,5,psychic,,110,125,65,75,85,30,1,20.1,Reuniclus
580,5,water,flying,62,44,44,50,50,55,0.5,5.5,Ducklett
581,5,water,flying,75,87,87,63,63,98,1.3,24.2,Swanna
582,5,ice,,36,65,50,50,60,44,0.4,5.7,Vanillite
583,5,ice,,51,80,65,65,75,59,1.1,41,Vanillish
584,5,ice,,71,110,95,85,95,79,1.3,57.5,Vanilluxe
585,5,normal,grass,60,40,60,50,50,75,0.6,19.5,Deerling
586,5,normal,grass,80,60,100,70,70,95,1.9,92.5,Sawsbuck
587,5,electric,flying,55,75,75,60,60,103,0.4,5,Emolga
588,5,bug,,50,40,75,45,45,60,0.5,5.9,Karrablast
589,5,bug,steel,70,60,135,105,105,20,1,33,Escavalier
590,5,grass,poison,69,55,55,45,55,15,0.2,1,Foongus
591,5,grass,poison,114,85,85,70,80,30,0.6,10.5,Amoonguss
592,5,water,ghost,55,65,40,50,85,40,1.2,33,Frillish
593,5,water,ghost,100,85,60,70,105,60,2.2,135,Jellicent
594,5,water,,165,40,75,80,45,65,1.2,31.6,Alomomola
595,5,bug,electric,50,57,47,50,50,65,0.1,0.6,Joltik
596,5,bug,electric,70,97,77,60,60,108,0.8,14.3,Galvantula
597,5,grass,steel,44,24,50,91,86,10,0.6,18.8,Ferroseed
598,5,grass,steel,74,54,94,131,116,20,1,110,Ferrothorn
599,5,steel,,40,45,55,70,60,30,0.3,21,Klink
600,5,steel,,60,70,80,95,85,50,0.6,51,Klang
601,5,steel,,60,70,100,115,85,90,0.6,81,Klinklang
602,5,electric,,35,45,55,40,40,60,0.2,0.3,Tynamo
603,5,electric,,65,75,85,70,70,40,1.2,22,Eelektrik
604,5,electric,,85,105,115,80,80,50,2.1,80.5,Eelektross
605,5,psychic,,55,85,55,55,55,30,0.5,9,Elgyem
606,5,psychic,,75,125,75,75,95,40,1,34.5,Beheeyem
607,5,ghost,fire,50,65,30,55,55,20,0.3,3.1,Litwick
608,5,ghost,fire,60,95,40,60,60,55,0.6,13,Lampent
609,5,ghost,fire,60,145,55,90,90,80,1,34.3,Chandelure
610,5,dragon,,46,30,87,60,40,57,0.6,18,Axew
611,5,dragon,,66,40,117,70,50,67,1,36,Fraxure
612,5,dragon,,76,60,147,90,70,97,1.8,105.5,Haxorus
613,5,ice,,55,60,70,40,40,40,0.5,8.5,Cubchoo
614,5,ice,,95,70,130,80,80,50,2.6,260,Beartic
615,5,ice,,80,95,50,50,135,105,1.1,148,Cryogonal
616,5,bug,,50,40,40,85,65,25,0.4,7.7,Shelmet
617,5,bug,,80,100,70,40,60,145,0.8,25.3,Accelgor
618,5,ground,electric,109,81,66,84,99,32,0.7,11,Stunfisk
619,5,fighting,,45,55,85,50,50,65,0.9,20,Mienfoo
620,5,fighting,,65,95,125,60,60,105,1.4,35.5,Mienshao
621,5,dragon,,77,60,120,90,90,48,1.6,139,Druddigon
622,5,ground,ghost,59,35,74,50,50,35,1,92,Golett
623,5,ground,ghost,89,55,124,80,80,55,2.8,330,Golurk
624,5,dark,steel,45,40,85,70,40,60,0.5,10.2,Pawniard
625,5,dark,steel,65,60,125,100,70,70,1.6,70,Bisharp
626,5,normal,,95,40,110,95,95,55,1.6,94.6,Bouffalant
627,5,normal,flying,70,37,83,50,50,60,0.5,10.5,Rufflet
628,5,normal,flying,100,57,123,75,75,80,1.5,41,Braviary
629,5,dark,flying,70,45,55,75,65,60,0.5,9,Vullaby
630,5,dark,flying,110,55,65,105,95,80,1.2,39.5,Mandibuzz
631,5,fire,,85,105,97,66,66,65,1.4,58,Heatmor
632,5,bug,steel,58,48,109,112,48,109,0.3,33,Durant
633,5,dark,dragon,52,45,65,50,50,38,0.8,17.3,Deino
634,5,dark,dragon,72,65,85,70,70,58,1.4,50,Zweilous
635,5,dark,dragon,92,125,105,90,90,98,1.8,160,Hydreigon
636,5,bug,fire,55,50,85,55,55,60,1.1,28.8,Larvesta
637,5,bug,fire,85,135,60,65,105,100,1.6,46,Volcarona
638,5,steel,fighting,91,90,90,129,72,108,2.1,250,Cobalion
639,5,rock,fighting,91,72,129,90,90,108,1.9,260,Terrakion
640,5,grass,fighting,91,90,90,72,129,108,2,200,Virizion
641,5,flying,,79,110,100,80,90,121,1.5,63,Tornadus
642,5,electric,flying,79,145,105,70,80,101,1.5,61,Thundurus
643,5,dragon,fire,100,150,120,100,120,90,3.2,330,Reshiram
644,5,dragon,electric,100,120,150,120,100,90,2.9,345,Zekrom
645,5,ground,flying,89,105,145,90,80,91,1.5,68,Landorus
646,5,dragon,ice,125,170,120,90,100,95,3,325,Kyurem
647,5,water,fighting,91,129,72,90,90,108,1.4,48.5,Keldeo
648,5,normal,psychic,100,77,128,90,77,128,0.6,6.5,Meloetta
649,5,bug,steel,71,120,120,95,95,99,1.5,82.5,Genesect
650,6,grass,,56,48,61,65,45,38,0.4,9,Chespin
651,6,grass,,61,56,78,95,58,57,0.7,29,Quilladin
652,6,grass,fighting,88,74,107,122,75,64,1.6,90,Chesnaught
653,6,fire,,40,62,45,40,60,60,0.4,9.4,Fennekin
654,6,fire,,59,90,59,58,70,73,1,14.5,Braixen
655,6,fire,psychic,75,114,69,72,100,104,1.5,39,Delphox
656,6,water,,41,62,56,40,44,71,0.3,7,Froakie
657,6,water,,54,83,63,52,56,97,0.6,10.9,Frogadier
658,6,water,dark,72,153,145,67,71,132,1.5,40,Greninja
659,6,normal,,38,32,36,38,36,57,0.4,5,Bunnelby
660,6,normal,ground,85,50,56,77,77,78,1,42.4,Diggersby
661,6,normal,flying,45,40,50,43,38,62,0.3,1.7,Fletchling
662,6,fire,flying,62,56,73,55,52,84,0.7,16,Fletchinder
663,6,fire,flying,78,74,81,71,69,126,1.2,24.5,Talonflame
664,6,bug,,38,27,35,40,25,35,0.3,2.5,Scatterbug
665,6,bug,,45,27,22,60,30,29,0.3,8.4,Spewpa
666,6,bug,flying,80,90,52,50,50,89,1.2,17,Vivillon
667,6,fire,normal,62,73,50,58,54,72,0.6,13.5,Litleo
668,6,fire,normal,86,109,68,72,66,106,1.5,81.5,Pyroar
669,6,fairy,,44,61,38,39,79,42,0.1,0.1,Flabébé
670,6,fairy,,74,125,65,67,128,92,0.2,0.9,Floette
671,6,fairy,,78,112,65,68,154,75,1.1,10,Florges
672,6,grass,,66,62,65,48,57,52,0.9,31,Skiddo
673,6,grass,,123,97,100,62,81,68,1.7,91,Gogoat
674,6,fighting,,67,46,82,62,48,43,0.6,8,Pancham
675,6,fighting,dark,95,69,124,78,71,58,2.1,136,Pangoro
676,6,normal,,75,65,80,60,90,102,1.2,28,Furfrou
677,6,psychic,,62,63,48,54,60,68,0.3,3.5,Espurr
678,6,psychic,,74,83,48,76,81,104,0.6,8.5,Meowstic
679,6,steel,ghost,45,35,80,100,37,28,0.8,2,Honedge
680,6,steel,ghost,59,45,110,150,49,35,0.8,4.5,Doublade
681,6,steel,ghost,60,150,150,50,50,60,1.7,53,Aegislash
682,6,fairy,,78,63,52,60,65,23,0.2,0.5,Spritzee
683,6,fairy,,101,99,72,72,89,29,0.8,15.5,Aromatisse
684,6,fairy,,62,59,48,66,57,49,0.4,3.5,Swirlix
685,6,fairy,,82,85,80,86,75,72,0.8,5,Slurpuff
686,6,dark,psychic,53,37,54,53,46,45,0.4,3.5,Inkay
687,6,dark,psychic,86,68,92,88,75,73,1.5,47,Malamar
688,6,rock,water,42,39,52,67,56,50,0.5,31,Binacle
689,6,rock,water,72,54,105,115,86,68,1.3,96,Barbaracle
690,6,poison,water,50,60,60,60,60,30,0.5,7.3,Skrelp
691,6,poison,dragon,65,97,75,90,123,44,1.8,81.5,Dragalge
692,6,water,,50,58,53,62,63,44,0.5,8.3,Clauncher
693,6,water,,71,120,73,88,89,59,1.3,35.3,Clawitzer
694,6,electric,normal,44,61,38,33,43,70,0.5,6,Helioptile
695,6,electric,normal,62,109,55,52,94,109,1,21,Heliolisk
696,6,rock,dragon,58,45,89,77,45,48,0.8,26,Tyrunt
697,6,rock,dragon,82,69,121,119,59,71,2.5,270,Tyrantrum
698,6,rock,ice,77,67,59,50,63,46,1.3,25.2,Amaura
699,6,rock,ice,123,99,77,72,92,58,2.7,225,Aurorus
700,6,fairy,,95,110,65,65,130,60,1,23.5,Sylveon
701,6,fighting,flying,78,74,92,75,63,118,0.8,21.5,Hawlucha
702,6,electric,fairy,67,81,58,57,67,101,0.2,2.2,Dedenne
703,6,rock,fairy,50,50,50,150,150,50,0.3,5.7,Carbink
704,6,dragon,,45,55,50,35,75,40,0.3,2.8,Goomy
705,6,dragon,,68,83,75,53,113,60,0.8,17.5,Sliggoo
706,6,dragon,,90,110,100,70,150,80,2,150.5,Goodra
707,6,steel,fairy,57,80,80,91,87,75,0.2,3,Klefki
708,6,ghost,grass,43,50,70,48,60,38,0.4,7,Phantump
709,6,ghost,grass,85,65,110,76,82,56,1.5,71,Trevenant
710,6,ghost,grass,59,44,66,70,55,41,0.8,15,Pumpkaboo
711,6,ghost,grass,85,58,100,122,75,54,1.7,39,Gourgeist
712,6,ice,,55,32,69,85,35,28,1,99.5,Bergmite
713,6,ice,,95,44,117,184,46,28,2,505,Avalugg
714,6,flying,dragon,40,45,30,35,40,55,0.5,8,Noibat
715,6,flying,dragon,85,97,70,80,80,123,1.5,85,Noivern
716,6,fairy,,126,131,131,95,98,99,3,215,Xerneas
717,6,dark,flying,126,131,131,95,98,99,5.8,203,Yveltal
718,6,dragon,ground,216,91,100,121,95,85,5,284.6,Zygarde
719,6,rock,fairy,50,160,160,110,110,110,0.7,8.8,Diancie
720,6,psychic,ghost,80,170,160,60,130,80,,,Hoopa
721,6,fire,water,80,130,110,120,90,70,1.7,195,Volcanion
722,7,grass,flying,68,50,55,55,50,42,0.3,1.5,Rowlet
723,7,grass,flying,78,70,75,75,70,52,0.7,16,Dartrix
724,7,grass,ghost,78,100,107,75,100,70,1.6,36.6,Decidueye
725,7,fire,,45,60,65,40,40,70,0.4,4.3,Litten
726,7,fire,,65,80,85,50,50,90,0.7,25,Torracat
727,7,fire,dark,95,80,115,90,90,60,1.8,83,Incineroar
728,7,water,,50,66,54,54,56,40,0.4,7.5,Popplio
729,7,water,,60,91,69,69,81,50,0.6,17.5,Brionne
730,7,water,fairy,80,126,74,74,116,60,1.8,44,Primarina
731,7,normal,flying,35,30,75,30,30,65,0.3,1.2,Pikipek
732,7,normal,flying,55,40,85,50,50,75,0.6,14.8,Trumbeak
733,7,normal,flying,80,75,120,75,75,60,1.1,26,Toucannon
734,7,normal,,48,30,70,30,30,45,0.4,6,Yungoos
735,7,normal,,88,55,110,60,60,45,0.7,14.2,Gumshoos
736,7,bug,,47,55,62,45,45,46,0.4,4.4,Grubbin
737,7,bug,electric,57,55,82,95,75,36,0.5,10.5,Charjabug
738,7,bug,electric,77,145,70,90,75,43,1.5,45,Vikavolt
739,7,fighting,,47,42,82,57,47,63,0.6,7,Crabrawler
740,7,fighting,ice,97,62,132,77,67,43,1.7,180,Crabominable
741,7,fire,flying,75,98,70,70,70,93,0.6,3.4,Oricorio
742,7,bug,fairy,40,55,45,40,40,84,0.1,0.2,Cutiefly
743,7,bug,fairy,60,95,55,60,70,124,0.2,0.5,Ribombee
744,7,rock,,45,30,65,40,40,60,0.5,9.2,Rockruff
745,7,rock,,85,55,115,75,75,82,,,Lycanroc
746,7,water,,45,140,140,130,135,30,0.2,0.3,Wishiwashi
747,7,poison,water,50,43,53,62,52,45,0.4,8,Mareanie
748,7,poison,water,50,53,63,152,142,35,0.7,14.5,Toxapex
749,7,ground,,70,45,100,70,55,45,1,110,Mudbray
750,7,ground,,100,55,125,100,85,35,2.5,920,Mudsdale
751,7,water,bug,38,40,40,52,72,27,0.3,4,Dewpider
752,7,water,bug,68,50,70,92,132,42,1.8,82,Araquanid
753,7,grass,,40,50,55,35,35,35,0.3,1.5,Fomantis
754,7,grass,,70,80,105,90,90,45,0.9,18.5,Lurantis
755,7,grass,fairy,40,65,35,55,75,15,0.2,1.5,Morelull
756,7,grass,fairy,60,90,45,80,100,30,1,11.5,Shiinotic
757,7,poison,fire,48,71,44,40,40,77,0.6,4.8,Salandit
758,7,poison,fire,68,111,64,60,60,117,1.2,22.2,Salazzle
759,7,normal,fighting,70,45,75,50,50,50,0.5,6.8,Stufful
760,7,normal,fighting,120,55,125,80,60,60,2.1,135,Bewear
761,7,grass,,42,30,30,38,38,32,0.3,3.2,Bounsweet
762,7,grass,,52,40,40,48,48,62,0.7,8.2,Steenee
763,7,grass,,72,50,120,98,98,72,1.2,21.4,Tsareena
764,7,fairy,,51,82,52,90,110,100,0.1,0.3,Comfey
765,7,normal,psychic,90,90,60,80,110,60,1.5,76,Oranguru
766,7,fighting,,100,40,120,90,60,80,2,82.8,Passimian
767,7,bug,water,25,20,35,40,30,80,0.5,12,Wimpod
768,7,bug,water,75,60,125,140,90,40,2,108,Golisopod
769,7,ghost,ground,55,70,55,80,45,15,0.5,70,Sandygast
770,7,ghost,ground,85,100,75,110,75,35,1.3,250,Palossand
771,7,water,,55,30,60,130,130,5,0.3,1.2,Pyukumuku
772,7,normal,,95,95,95,95,95,59,1.9,120.5,Type: Null
773,7,normal,,95,95,95,95,95,95,2.3,100.5,Silvally
774,7,rock,flying,60,100,100,60,60,120,0.3,40,Minior
775,7,normal,,65,75,115,65,95,65,0.4,19.9,Komala
776,7,fire,dragon,60,91,78,135,85,36,2,212,Turtonator
777,7,electric,steel,65,40,98,63,73,96,0.3,3.3,Togedemaru
778,7,ghost,fairy,55,50,90,80,105,96,0.2,0.7,Mimikyu
779,7,water,psychic,68,70,105,70,70,92,0.9,19,Bruxish
780,7,normal,dragon,78,135,60,85,91,36,3,185,Drampa
781,7,ghost,grass,70,86,131,100,90,40,3.9,210,Dhelmise
782,7,dragon,,45,45,55,65,45,45,0.6,29.7,Jangmo-o
783,7,dragon,fighting,55,65,75,90,70,65,1.2,47,Hakamo-o
784,7,dragon,fighting,75,100,110,125,105,85,1.6,78.2,Kommo-o
785,7,electric,fairy,70,95,115,85,75,130,1.8,20.5,Tapu Koko
786,7,psychic,fairy,70,130,85,75,115,95,1.2,18.6,Tapu Lele
787,7,grass,fairy,70,85,130,115,95,75,1.9,45.5,Tapu Bulu
788,7,water,fairy,70,95,75,115,130,85,1.3,21.2,Tapu Fini
789,7,psychic,,43,29,29,31,31,37,0.2,0.1,Cosmog
790,7,psychic,,43,29,29,131,131,37,0.1,999.9,Cosmoem
791,7,psychic,steel,137,113,137,107,89,97,3.4,230,Solgaleo
792,7,psychic,ghost,137,137,113,89,107,97,4,120,Lunala
793,7,rock,poison,109,127,53,47,131,103,1.2,55.5,Nihilego
794,7,bug,fighting,107,53,139,139,53,79,2.4,333.6,Buzzwole
795,7,bug,fighting,71,137,137,37,37,151,1.8,25,Pheromosa
796,7,electric,,83,173,89,71,71,83,3.8,100,Xurkitree
797,7,steel,flying,97,107,101,103,101,61,9.2,999.9,Celesteela
798,7,grass,steel,59,59,181,131,31,109,0.3,0.1,Kartana
799,7,dark,dragon,223,97,101,53,53,43,5.5,888,Guzzlord
800,7,psychic,,97,127,107,101,89,79,2.4,230,Necrozma
801,7,steel,fairy,80,130,95,115,115,65,1,80.5,Magearna
